BamID,SampleID,Year,Population,Group
BAM_482,SAMPLE_482,2019,POP_206,GROUP_24
BAM_483,SAMPLE_483,2019,POP_206,GROUP_24
BAM_484,SAMPLE_484,2019,POP_206,GROUP_24
BAM_485,SAMPLE_485,2019,POP_206,GROUP_24
BAM_486,SAMPLE_486,2019,POP_206,GROUP_24
BAM_487,SAMPLE_487,2019,POP_206,GROUP_24
BAM_488,SAMPLE_488,2019,POP_206,GROUP_24
BAM_489,SAMPLE_489,2019,POP_206,GROUP_24
BAM_490,SAMPLE_490,2015,POP_207,GROUP_24
BAM_491,SAMPLE_491,2015,POP_207,GROUP_24
BAM_492,SAMPLE_492,2015,POP_207,GROUP_24
BAM_493,SAMPLE_493,2015,POP_207,GROUP_24
BAM_494,SAMPLE_494,2015,POP_207,GROUP_24
BAM_495,SAMPLE_495,2015,POP_207,GROUP_24
BAM_496,SAMPLE_496,2015,POP_207,GROUP_24
BAM_497,SAMPLE_497,2015,POP_207,GROUP_24
BAM_498,SAMPLE_498,2015,POP_207,GROUP_24
BAM_499,SAMPLE_499,2015,POP_207,GROUP_24
BAM_500,SAMPLE_500,2015,POP_207,GROUP_24
BAM_501,SAMPLE_501,2015,POP_207,GROUP_24
BAM_502,SAMPLE_502,2023,POP_208,GROUP_24
BAM_503,SAMPLE_503,2023,POP_208,GROUP_24
BAM_504,SAMPLE_504,2023,POP_208,GROUP_24
BAM_505,SAMPLE_505,2023,POP_208,GROUP_24
BAM_506,SAMPLE_506,2023,POP_208,GROUP_24
BAM_507,SAMPLE_507,2023,POP_208,GROUP_24
BAM_508,SAMPLE_508,2023,POP_208,GROUP_24
BAM_509,SAMPLE_509,2023,POP_208,GROUP_24
BAM_510,SAMPLE_510,2019,POP_209,GROUP_25
BAM_511,SAMPLE_511,2019,POP_209,GROUP_25
BAM_512,SAMPLE_512,2019,POP_209,GROUP_25
BAM_513,SAMPLE_513,2019,POP_209,GROUP_25
BAM_514,SAMPLE_514,2019,POP_209,GROUP_25
BAM_515,SAMPLE_515,2019,POP_209,GROUP_25
BAM_516,SAMPLE_516,2019,POP_209,GROUP_25
BAM_517,SAMPLE_517,2019,POP_209,GROUP_25
BAM_518,SAMPLE_518,2015,POP_210,GROUP_25
BAM_519,SAMPLE_519,2015,POP_210,GROUP_25
BAM_520,SAMPLE_520,2015,POP_210,GROUP_25
BAM_521,SAMPLE_521,2015,POP_210,GROUP_25
BAM_522,SAMPLE_522,2015,POP_210,GROUP_25
BAM_523,SAMPLE_523,2015,POP_210,GROUP_25
BAM_524,SAMPLE_524,2015,POP_210,GROUP_25
BAM_525,SAMPLE_525,2015,POP_210,GROUP_25
BAM_526,SAMPLE_526,2023,POP_211,GROUP_25
BAM_527,SAMPLE_527,2023,POP_211,GROUP_25
BAM_528,SAMPLE_528,2023,POP_211,GROUP_25
BAM_529,SAMPLE_529,2023,POP_211,GROUP_25
BAM_530,SAMPLE_530,2023,POP_211,GROUP_25
BAM_531,SAMPLE_531,2023,POP_211,GROUP_25
BAM_532,SAMPLE_532,2023,POP_211,GROUP_25
BAM_533,SAMPLE_533,2023,POP_211,GROUP_25
BAM_534,SAMPLE_534,2015,POP_212,GROUP_26
BAM_535,SAMPLE_535,2015,POP_212,GROUP_26
BAM_536,SAMPLE_536,2015,POP_212,GROUP_26
BAM_537,SAMPLE_537,2015,POP_212,GROUP_26
BAM_538,SAMPLE_538,2015,POP_212,GROUP_26
BAM_539,SAMPLE_539,2023,POP_213,GROUP_26
BAM_540,SAMPLE_540,2023,POP_213,GROUP_26
BAM_541,SAMPLE_541,2023,POP_213,GROUP_26
BAM_542,SAMPLE_542,2023,POP_213,GROUP_26
BAM_543,SAMPLE_543,2023,POP_213,GROUP_26
BAM_544,SAMPLE_544,2023,POP_213,GROUP_26
BAM_545,SAMPLE_545,2023,POP_213,GROUP_26
BAM_546,SAMPLE_546,2023,POP_213,GROUP_26
BAM_547,SAMPLE_547,2019,POP_214,GROUP_26
BAM_548,SAMPLE_548,2019,POP_214,GROUP_26
BAM_549,SAMPLE_549,2019,POP_214,GROUP_26
BAM_550,SAMPLE_550,2019,POP_214,GROUP_26
BAM_551,SAMPLE_551,2019,POP_214,GROUP_26
BAM_552,SAMPLE_552,2019,POP_214,GROUP_26
BAM_553,SAMPLE_553,2019,POP_214,GROUP_26
BAM_554,SAMPLE_554,2019,POP_214,GROUP_26
BAM_555,SAMPLE_555,2015,POP_215,GROUP_26
BAM_556,SAMPLE_556,2015,POP_215,GROUP_26
BAM_557,SAMPLE_557,2015,POP_215,GROUP_26
BAM_558,SAMPLE_558,2023,POP_216,GROUP_27
BAM_559,SAMPLE_559,2023,POP_216,GROUP_27
BAM_560,SAMPLE_560,2023,POP_216,GROUP_27
BAM_561,SAMPLE_561,2023,POP_216,GROUP_27
BAM_562,SAMPLE_562,2023,POP_216,GROUP_27
BAM_563,SAMPLE_563,2023,POP_216,GROUP_27
BAM_564,SAMPLE_564,2023,POP_216,GROUP_27
BAM_565,SAMPLE_565,2023,POP_216,GROUP_27
BAM_566,SAMPLE_566,2015,POP_217,GROUP_27
BAM_567,SAMPLE_567,2015,POP_217,GROUP_27
BAM_568,SAMPLE_568,2015,POP_217,GROUP_27
BAM_569,SAMPLE_569,2015,POP_217,GROUP_27
BAM_570,SAMPLE_570,2015,POP_217,GROUP_27
BAM_571,SAMPLE_571,2015,POP_217,GROUP_27
BAM_572,SAMPLE_572,2015,POP_217,GROUP_27
BAM_573,SAMPLE_573,2015,POP_217,GROUP_27
BAM_574,SAMPLE_574,2019,POP_218,GROUP_27
BAM_575,SAMPLE_575,2019,POP_218,GROUP_27
BAM_576,SAMPLE_576,2019,POP_218,GROUP_27
BAM_577,SAMPLE_577,2019,POP_218,GROUP_27
BAM_578,SAMPLE_578,2019,POP_218,GROUP_27
BAM_579,SAMPLE_579,2019,POP_218,GROUP_27
BAM_580,SAMPLE_580,2019,POP_218,GROUP_27
BAM_581,SAMPLE_581,2019,POP_218,GROUP_27
BAM_582,SAMPLE_582,2019,POP_219,GROUP_28
BAM_583,SAMPLE_583,2019,POP_219,GROUP_28
BAM_584,SAMPLE_584,2019,POP_219,GROUP_28
BAM_585,SAMPLE_585,2019,POP_219,GROUP_28
BAM_586,SAMPLE_586,2019,POP_219,GROUP_28
BAM_587,SAMPLE_587,2019,POP_219,GROUP_28
BAM_588,SAMPLE_588,2019,POP_219,GROUP_28
BAM_589,SAMPLE_589,2019,POP_219,GROUP_28
BAM_590,SAMPLE_590,2023,POP_220,GROUP_28
BAM_591,SAMPLE_591,2023,POP_220,GROUP_28
BAM_592,SAMPLE_592,2023,POP_220,GROUP_28
BAM_593,SAMPLE_593,2023,POP_220,GROUP_28
BAM_594,SAMPLE_594,2023,POP_220,GROUP_28
BAM_595,SAMPLE_595,2023,POP_220,GROUP_28
BAM_596,SAMPLE_596,2023,POP_220,GROUP_28
BAM_597,SAMPLE_597,2023,POP_220,GROUP_28
BAM_598,SAMPLE_598,2015,POP_221,GROUP_28
BAM_599,SAMPLE_599,2015,POP_221,GROUP_28
BAM_600,SAMPLE_600,2015,POP_221,GROUP_28
BAM_601,SAMPLE_601,2015,POP_221,GROUP_28
BAM_602,SAMPLE_602,2015,POP_221,GROUP_28
BAM_603,SAMPLE_603,2015,POP_221,GROUP_28
BAM_604,SAMPLE_604,2015,POP_221,GROUP_28
BAM_605,SAMPLE_605,2015,POP_221,GROUP_28
BAM_606,SAMPLE_606,2019,POP_222,GROUP_29
BAM_607,SAMPLE_607,2019,POP_222,GROUP_29
BAM_608,SAMPLE_608,2019,POP_222,GROUP_29
BAM_609,SAMPLE_609,2019,POP_222,GROUP_29
BAM_610,SAMPLE_610,2019,POP_222,GROUP_29
BAM_611,SAMPLE_611,2019,POP_222,GROUP_29
BAM_612,SAMPLE_612,2019,POP_222,GROUP_29
BAM_613,SAMPLE_613,2019,POP_222,GROUP_29
BAM_614,SAMPLE_614,2023,POP_223,GROUP_29
BAM_615,SAMPLE_615,2023,POP_223,GROUP_29
BAM_616,SAMPLE_616,2023,POP_223,GROUP_29
BAM_617,SAMPLE_617,2023,POP_223,GROUP_29
BAM_618,SAMPLE_618,2023,POP_223,GROUP_29
BAM_619,SAMPLE_619,2023,POP_223,GROUP_29
BAM_620,SAMPLE_620,2019,POP_224,GROUP_30
BAM_621,SAMPLE_621,2019,POP_224,GROUP_30
BAM_622,SAMPLE_622,2019,POP_224,GROUP_30
BAM_623,SAMPLE_623,2019,POP_224,GROUP_30
BAM_624,SAMPLE_624,2019,POP_224,GROUP_30
BAM_625,SAMPLE_625,2019,POP_224,GROUP_30
BAM_626,SAMPLE_626,2023,POP_225,GROUP_30
BAM_627,SAMPLE_627,2023,POP_225,GROUP_30
BAM_628,SAMPLE_628,2023,POP_225,GROUP_30
BAM_629,SAMPLE_629,2023,POP_225,GROUP_30
BAM_630,SAMPLE_630,2023,POP_225,GROUP_30
BAM_631,SAMPLE_631,2023,POP_225,GROUP_30
BAM_632,SAMPLE_632,2015,POP_226,GROUP_31
BAM_633,SAMPLE_633,2015,POP_226,GROUP_31
BAM_634,SAMPLE_634,2015,POP_226,GROUP_31
BAM_635,SAMPLE_635,2015,POP_226,GROUP_31
BAM_636,SAMPLE_636,2015,POP_226,GROUP_31
BAM_637,SAMPLE_637,2015,POP_226,GROUP_31
BAM_638,SAMPLE_638,2015,POP_226,GROUP_31
BAM_639,SAMPLE_639,2015,POP_226,GROUP_31
BAM_640,SAMPLE_640,2019,POP_227,GROUP_31
BAM_641,SAMPLE_641,2019,POP_227,GROUP_31
BAM_642,SAMPLE_642,2019,POP_227,GROUP_31
BAM_643,SAMPLE_643,2019,POP_227,GROUP_31
BAM_644,SAMPLE_644,2019,POP_227,GROUP_31
BAM_645,SAMPLE_645,2019,POP_227,GROUP_31
BAM_646,SAMPLE_646,2019,POP_227,GROUP_31
BAM_647,SAMPLE_647,2019,POP_227,GROUP_31
BAM_648,SAMPLE_648,2023,POP_228,GROUP_31
BAM_649,SAMPLE_649,2023,POP_228,GROUP_31
BAM_650,SAMPLE_650,2023,POP_228,GROUP_31
BAM_651,SAMPLE_651,2023,POP_228,GROUP_31
BAM_652,SAMPLE_652,2023,POP_228,GROUP_31
BAM_653,SAMPLE_653,2023,POP_228,GROUP_31
BAM_654,SAMPLE_654,2023,POP_228,GROUP_31
BAM_655,SAMPLE_655,2023,POP_228,GROUP_31
BAM_656,SAMPLE_656,2015,POP_229,GROUP_32
BAM_657,SAMPLE_657,2015,POP_229,GROUP_32
BAM_658,SAMPLE_658,2015,POP_229,GROUP_32
BAM_659,SAMPLE_659,2015,POP_229,GROUP_32
BAM_660,SAMPLE_660,2015,POP_229,GROUP_32
BAM_661,SAMPLE_661,2015,POP_229,GROUP_32
BAM_662,SAMPLE_662,2015,POP_230,GROUP_33
BAM_663,SAMPLE_663,2015,POP_230,GROUP_33
BAM_664,SAMPLE_664,2015,POP_230,GROUP_33
BAM_665,SAMPLE_665,2015,POP_230,GROUP_33
BAM_666,SAMPLE_666,2023,POP_231,GROUP_33
BAM_667,SAMPLE_667,2023,POP_231,GROUP_33
BAM_668,SAMPLE_668,2023,POP_231,GROUP_33
BAM_669,SAMPLE_669,2023,POP_231,GROUP_33
BAM_670,SAMPLE_670,2023,POP_231,GROUP_33
BAM_671,SAMPLE_671,2023,POP_231,GROUP_33
BAM_672,SAMPLE_672,2023,POP_231,GROUP_33
BAM_673,SAMPLE_673,2023,POP_231,GROUP_33
BAM_674,SAMPLE_674,2015,POP_230,GROUP_33
BAM_675,SAMPLE_675,2015,POP_230,GROUP_33
BAM_676,SAMPLE_676,2015,POP_230,GROUP_33
BAM_677,SAMPLE_677,2015,POP_230,GROUP_33
BAM_678,SAMPLE_678,2015,POP_232,GROUP_34
BAM_679,SAMPLE_679,2015,POP_232,GROUP_34
BAM_680,SAMPLE_680,2015,POP_232,GROUP_34
BAM_681,SAMPLE_681,2015,POP_232,GROUP_34
BAM_682,SAMPLE_682,2015,POP_232,GROUP_34
BAM_683,SAMPLE_683,2015,POP_232,GROUP_34
BAM_684,SAMPLE_684,2015,POP_232,GROUP_34
BAM_685,SAMPLE_685,2015,POP_232,GROUP_34
BAM_686,SAMPLE_686,2015,POP_232,GROUP_34
BAM_687,SAMPLE_687,2023,POP_233,GROUP_34
BAM_688,SAMPLE_688,2023,POP_233,GROUP_34
BAM_689,SAMPLE_689,2023,POP_233,GROUP_34
BAM_690,SAMPLE_690,2023,POP_233,GROUP_34
BAM_691,SAMPLE_691,2023,POP_233,GROUP_34
BAM_692,SAMPLE_692,2023,POP_233,GROUP_34
BAM_693,SAMPLE_693,2023,POP_233,GROUP_34
BAM_694,SAMPLE_694,2023,POP_233,GROUP_34
BAM_695,SAMPLE_695,2015,POP_234,GROUP_35
BAM_696,SAMPLE_696,2015,POP_234,GROUP_35
BAM_697,SAMPLE_697,2015,POP_234,GROUP_35
BAM_698,SAMPLE_698,2015,POP_234,GROUP_35
BAM_699,SAMPLE_699,2015,POP_234,GROUP_35
BAM_700,SAMPLE_700,2023,POP_235,GROUP_35
BAM_701,SAMPLE_701,2023,POP_235,GROUP_35
BAM_702,SAMPLE_702,2023,POP_235,GROUP_35
BAM_703,SAMPLE_703,2023,POP_235,GROUP_35
BAM_704,SAMPLE_704,2023,POP_235,GROUP_35
BAM_705,SAMPLE_705,2023,POP_235,GROUP_35
BAM_706,SAMPLE_706,2023,POP_235,GROUP_35
BAM_707,SAMPLE_707,2023,POP_235,GROUP_35
BAM_708,SAMPLE_708,2015,POP_234,GROUP_35
BAM_709,SAMPLE_709,2015,POP_234,GROUP_35
BAM_710,SAMPLE_710,2015,POP_234,GROUP_35
BAM_711,SAMPLE_711,2015,POP_236,GROUP_36
BAM_712,SAMPLE_712,2015,POP_236,GROUP_36
BAM_713,SAMPLE_713,2015,POP_236,GROUP_36
BAM_714,SAMPLE_714,2015,POP_236,GROUP_36
BAM_715,SAMPLE_715,2015,POP_236,GROUP_36
BAM_716,SAMPLE_716,2015,POP_236,GROUP_36
BAM_717,SAMPLE_717,2015,POP_236,GROUP_36
BAM_718,SAMPLE_718,2015,POP_236,GROUP_36
BAM_719,SAMPLE_719,2015,POP_236,GROUP_36
BAM_720,SAMPLE_720,2015,POP_236,GROUP_36
BAM_721,SAMPLE_721,2015,POP_236,GROUP_36
BAM_722,SAMPLE_722,2015,POP_236,GROUP_36
BAM_723,SAMPLE_723,2015,POP_236,GROUP_36
BAM_724,SAMPLE_724,2015,POP_236,GROUP_36
BAM_725,SAMPLE_725,2015,POP_236,GROUP_36
BAM_726,SAMPLE_726,2015,POP_236,GROUP_36
BAM_727,SAMPLE_727,2015,POP_236,GROUP_36
BAM_728,SAMPLE_728,2015,POP_236,GROUP_36
BAM_729,SAMPLE_729,2015,POP_236,GROUP_36
BAM_730,SAMPLE_730,2015,POP_236,GROUP_36
BAM_731,SAMPLE_731,2023,POP_237,GROUP_36
BAM_732,SAMPLE_732,2023,POP_237,GROUP_36
BAM_733,SAMPLE_733,2023,POP_237,GROUP_36
BAM_734,SAMPLE_734,2023,POP_237,GROUP_36
BAM_735,SAMPLE_735,2023,POP_237,GROUP_36
BAM_736,SAMPLE_736,2023,POP_237,GROUP_36
BAM_737,SAMPLE_737,2023,POP_237,GROUP_36
BAM_738,SAMPLE_738,2023,POP_237,GROUP_36
BAM_739,SAMPLE_739,2023,POP_237,GROUP_36
BAM_740,SAMPLE_740,2023,POP_237,GROUP_36
BAM_741,SAMPLE_741,2023,POP_237,GROUP_36
BAM_742,SAMPLE_742,2023,POP_237,GROUP_36
BAM_743,SAMPLE_743,2015,POP_238,GROUP_37
BAM_744,SAMPLE_744,2015,POP_238,GROUP_37
BAM_745,SAMPLE_745,2015,POP_238,GROUP_37
BAM_746,SAMPLE_746,2015,POP_239,GROUP_37
BAM_747,SAMPLE_747,2015,POP_239,GROUP_37
BAM_748,SAMPLE_748,2015,POP_239,GROUP_37
BAM_749,SAMPLE_749,2015,POP_239,GROUP_37
BAM_750,SAMPLE_750,2015,POP_239,GROUP_37
BAM_751,SAMPLE_751,2015,POP_239,GROUP_37
BAM_752,SAMPLE_752,2015,POP_239,GROUP_37
BAM_753,SAMPLE_753,2015,POP_239,GROUP_37
BAM_754,SAMPLE_754,2015,POP_239,GROUP_37
BAM_755,SAMPLE_755,2015,POP_240,GROUP_38
BAM_756,SAMPLE_756,2015,POP_240,GROUP_38
BAM_757,SAMPLE_757,2015,POP_240,GROUP_38
BAM_758,SAMPLE_758,2015,POP_240,GROUP_38
BAM_759,SAMPLE_759,2015,POP_240,GROUP_38
BAM_760,SAMPLE_760,2015,POP_240,GROUP_38
BAM_761,SAMPLE_761,2015,POP_240,GROUP_38
BAM_762,SAMPLE_762,2015,POP_240,GROUP_38
BAM_763,SAMPLE_763,2015,POP_241,GROUP_38
BAM_764,SAMPLE_764,2015,POP_241,GROUP_38
BAM_765,SAMPLE_765,2015,POP_241,GROUP_38
BAM_766,SAMPLE_766,2015,POP_241,GROUP_38
BAM_767,SAMPLE_767,2015,POP_241,GROUP_38
BAM_768,SAMPLE_768,2015,POP_241,GROUP_38
BAM_769,SAMPLE_769,2023,POP_242,GROUP_38
BAM_770,SAMPLE_770,2023,POP_242,GROUP_38
BAM_771,SAMPLE_771,2023,POP_242,GROUP_38
BAM_772,SAMPLE_772,2023,POP_242,GROUP_38
BAM_773,SAMPLE_773,2023,POP_242,GROUP_38
BAM_774,SAMPLE_774,2023,POP_242,GROUP_38
BAM_775,SAMPLE_775,2023,POP_242,GROUP_38
BAM_776,SAMPLE_776,2023,POP_242,GROUP_38
BAM_777,SAMPLE_777,2019,POP_243,GROUP_39
BAM_778,SAMPLE_778,2019,POP_243,GROUP_39
BAM_779,SAMPLE_779,2019,POP_243,GROUP_39
BAM_780,SAMPLE_780,2019,POP_243,GROUP_39
BAM_781,SAMPLE_781,2019,POP_243,GROUP_39
BAM_782,SAMPLE_782,2019,POP_243,GROUP_39
BAM_783,SAMPLE_783,2019,POP_243,GROUP_39
BAM_784,SAMPLE_784,2019,POP_243,GROUP_39
BAM_785,SAMPLE_785,2019,POP_244,GROUP_39
BAM_786,SAMPLE_786,2019,POP_244,GROUP_39
BAM_787,SAMPLE_787,2019,POP_244,GROUP_39
BAM_788,SAMPLE_788,2019,POP_244,GROUP_39
BAM_789,SAMPLE_789,2019,POP_244,GROUP_39
BAM_790,SAMPLE_790,2019,POP_244,GROUP_39
BAM_791,SAMPLE_791,2019,POP_244,GROUP_39
BAM_792,SAMPLE_792,2019,POP_244,GROUP_39
BAM_793,SAMPLE_793,2023,POP_245,GROUP_39
BAM_794,SAMPLE_794,2023,POP_245,GROUP_39
BAM_795,SAMPLE_795,2023,POP_245,GROUP_39
BAM_796,SAMPLE_796,2023,POP_245,GROUP_39
BAM_797,SAMPLE_797,2023,POP_245,GROUP_39
BAM_798,SAMPLE_798,2023,POP_245,GROUP_39
BAM_799,SAMPLE_799,2023,POP_245,GROUP_39
BAM_800,SAMPLE_800,2023,POP_245,GROUP_39
BAM_801,SAMPLE_801,2015,POP_246,GROUP_39
BAM_802,SAMPLE_802,2015,POP_246,GROUP_39
BAM_803,SAMPLE_803,2015,POP_246,GROUP_39
BAM_804,SAMPLE_804,2015,POP_246,GROUP_39
BAM_805,SAMPLE_805,2015,POP_246,GROUP_39
BAM_806,SAMPLE_806,2015,POP_246,GROUP_39
BAM_807,SAMPLE_807,2015,POP_246,GROUP_39
BAM_808,SAMPLE_808,2015,POP_246,GROUP_39
BAM_809,SAMPLE_809,2023,POP_247,GROUP_40
BAM_810,SAMPLE_810,2023,POP_247,GROUP_40
BAM_811,SAMPLE_811,2023,POP_247,GROUP_40
BAM_812,SAMPLE_812,2023,POP_247,GROUP_40
BAM_813,SAMPLE_813,2023,POP_247,GROUP_40
BAM_814,SAMPLE_814,2023,POP_247,GROUP_40
BAM_815,SAMPLE_815,2015,POP_248,GROUP_40
BAM_816,SAMPLE_816,2015,POP_248,GROUP_40
BAM_817,SAMPLE_817,2015,POP_248,GROUP_40
BAM_818,SAMPLE_818,2015,POP_248,GROUP_40
BAM_819,SAMPLE_819,2015,POP_248,GROUP_40
BAM_820,SAMPLE_820,2015,POP_248,GROUP_40
BAM_821,SAMPLE_821,2019,POP_249,GROUP_40
BAM_822,SAMPLE_822,2019,POP_249,GROUP_40
BAM_823,SAMPLE_823,2019,POP_249,GROUP_40
BAM_824,SAMPLE_824,2019,POP_249,GROUP_40
BAM_825,SAMPLE_825,2019,POP_249,GROUP_40
BAM_826,SAMPLE_826,2019,POP_249,GROUP_40
BAM_827,SAMPLE_827,2015,POP_250,GROUP_41
BAM_828,SAMPLE_828,2015,POP_250,GROUP_41
BAM_829,SAMPLE_829,2015,POP_250,GROUP_41
BAM_830,SAMPLE_830,2015,POP_250,GROUP_41
BAM_831,SAMPLE_831,2015,POP_250,GROUP_41
BAM_832,SAMPLE_832,2015,POP_250,GROUP_41
BAM_833,SAMPLE_833,2015,POP_250,GROUP_41
BAM_834,SAMPLE_834,2015,POP_250,GROUP_41
BAM_835,SAMPLE_835,2019,POP_251,GROUP_42
BAM_836,SAMPLE_836,2019,POP_251,GROUP_42
BAM_837,SAMPLE_837,2019,POP_251,GROUP_42
BAM_838,SAMPLE_838,2019,POP_251,GROUP_42
BAM_839,SAMPLE_839,2019,POP_251,GROUP_42
BAM_840,SAMPLE_840,2019,POP_251,GROUP_42
BAM_841,SAMPLE_841,2019,POP_251,GROUP_42
BAM_842,SAMPLE_842,2019,POP_251,GROUP_42
BAM_843,SAMPLE_843,2015,POP_252,GROUP_42
BAM_844,SAMPLE_844,2015,POP_252,GROUP_42
BAM_845,SAMPLE_845,2015,POP_252,GROUP_42
BAM_846,SAMPLE_846,2015,POP_252,GROUP_42
BAM_847,SAMPLE_847,2015,POP_252,GROUP_42
BAM_848,SAMPLE_848,2015,POP_252,GROUP_42
BAM_849,SAMPLE_849,2015,POP_252,GROUP_42
BAM_850,SAMPLE_850,2015,POP_252,GROUP_42
BAM_851,SAMPLE_851,2023,POP_253,GROUP_42
BAM_852,SAMPLE_852,2023,POP_253,GROUP_42
BAM_853,SAMPLE_853,2023,POP_253,GROUP_42
BAM_854,SAMPLE_854,2023,POP_253,GROUP_42
BAM_855,SAMPLE_855,2023,POP_253,GROUP_42
BAM_856,SAMPLE_856,2023,POP_253,GROUP_42
BAM_857,SAMPLE_857,2023,POP_253,GROUP_42
BAM_858,SAMPLE_858,2023,POP_253,GROUP_42
BAM_859,SAMPLE_859,2019,POP_254,GROUP_43
BAM_860,SAMPLE_860,2019,POP_254,GROUP_43
BAM_861,SAMPLE_861,2019,POP_254,GROUP_43
BAM_862,SAMPLE_862,2019,POP_254,GROUP_43
BAM_863,SAMPLE_863,2019,POP_254,GROUP_43
BAM_864,SAMPLE_864,2019,POP_254,GROUP_43
BAM_865,SAMPLE_865,2019,POP_254,GROUP_43
BAM_866,SAMPLE_866,2019,POP_254,GROUP_43
BAM_867,SAMPLE_867,2023,POP_255,GROUP_43
BAM_868,SAMPLE_868,2023,POP_255,GROUP_43
BAM_869,SAMPLE_869,2023,POP_255,GROUP_43
BAM_870,SAMPLE_870,2023,POP_255,GROUP_43
BAM_871,SAMPLE_871,2023,POP_255,GROUP_43
BAM_872,SAMPLE_872,2023,POP_255,GROUP_43
BAM_873,SAMPLE_873,2023,POP_255,GROUP_43
BAM_874,SAMPLE_874,2023,POP_255,GROUP_43
BAM_875,SAMPLE_875,2015,POP_256,GROUP_43
BAM_876,SAMPLE_876,2015,POP_256,GROUP_43
BAM_877,SAMPLE_877,2015,POP_256,GROUP_43
BAM_878,SAMPLE_878,2015,POP_256,GROUP_43
BAM_879,SAMPLE_879,2015,POP_256,GROUP_43
BAM_880,SAMPLE_880,2015,POP_256,GROUP_43
BAM_881,SAMPLE_881,2015,POP_256,GROUP_43
BAM_882,SAMPLE_882,2015,POP_256,GROUP_43
BAM_883,SAMPLE_883,2019,POP_257,GROUP_44
BAM_884,SAMPLE_884,2019,POP_257,GROUP_44
BAM_885,SAMPLE_885,2019,POP_257,GROUP_44
BAM_886,SAMPLE_886,2019,POP_257,GROUP_44
BAM_887,SAMPLE_887,2019,POP_257,GROUP_44
BAM_888,SAMPLE_888,2019,POP_257,GROUP_44
BAM_889,SAMPLE_889,2019,POP_257,GROUP_44
BAM_890,SAMPLE_890,2019,POP_257,GROUP_44
BAM_891,SAMPLE_891,2015,POP_258,GROUP_44
BAM_892,SAMPLE_892,2015,POP_258,GROUP_44
BAM_893,SAMPLE_893,2015,POP_258,GROUP_44
BAM_894,SAMPLE_894,2015,POP_258,GROUP_44
BAM_895,SAMPLE_895,2015,POP_258,GROUP_44
BAM_896,SAMPLE_896,2015,POP_258,GROUP_44
BAM_897,SAMPLE_897,2015,POP_258,GROUP_44
BAM_898,SAMPLE_898,2015,POP_258,GROUP_44
BAM_899,SAMPLE_899,2023,POP_259,GROUP_44
BAM_900,SAMPLE_900,2023,POP_259,GROUP_44
BAM_901,SAMPLE_901,2023,POP_259,GROUP_44
BAM_902,SAMPLE_902,2023,POP_259,GROUP_44
BAM_903,SAMPLE_903,2023,POP_259,GROUP_44
BAM_904,SAMPLE_904,2023,POP_259,GROUP_44
BAM_905,SAMPLE_905,2023,POP_259,GROUP_44
BAM_906,SAMPLE_906,2023,POP_259,GROUP_44
BAM_907,SAMPLE_907,2019,POP_260,GROUP_45
BAM_908,SAMPLE_908,2019,POP_260,GROUP_45
BAM_909,SAMPLE_909,2019,POP_260,GROUP_45
BAM_910,SAMPLE_910,2019,POP_260,GROUP_45
BAM_911,SAMPLE_911,2019,POP_260,GROUP_45
BAM_912,SAMPLE_912,2019,POP_260,GROUP_45
BAM_913,SAMPLE_913,2019,POP_260,GROUP_45
BAM_914,SAMPLE_914,2019,POP_260,GROUP_45
BAM_915,SAMPLE_915,2015,POP_261,GROUP_45
BAM_916,SAMPLE_916,2015,POP_261,GROUP_45
BAM_917,SAMPLE_917,2015,POP_261,GROUP_45
BAM_918,SAMPLE_918,2015,POP_261,GROUP_45
BAM_919,SAMPLE_919,2015,POP_261,GROUP_45
BAM_920,SAMPLE_920,2015,POP_261,GROUP_45
BAM_921,SAMPLE_921,2015,POP_261,GROUP_45
BAM_922,SAMPLE_922,2015,POP_261,GROUP_45
BAM_923,SAMPLE_923,2023,POP_262,GROUP_45
BAM_924,SAMPLE_924,2023,POP_262,GROUP_45
BAM_925,SAMPLE_925,2023,POP_262,GROUP_45
BAM_926,SAMPLE_926,2023,POP_262,GROUP_45
BAM_927,SAMPLE_927,2023,POP_262,GROUP_45
BAM_928,SAMPLE_928,2023,POP_262,GROUP_45
BAM_929,SAMPLE_929,2023,POP_262,GROUP_45
BAM_930,SAMPLE_930,2023,POP_262,GROUP_45
BAM_931,SAMPLE_931,2019,POP_263,GROUP_46
BAM_932,SAMPLE_932,2019,POP_263,GROUP_46
BAM_933,SAMPLE_933,2019,POP_263,GROUP_46
BAM_934,SAMPLE_934,2019,POP_263,GROUP_46
BAM_935,SAMPLE_935,2019,POP_263,GROUP_46
BAM_936,SAMPLE_936,2019,POP_263,GROUP_46
BAM_937,SAMPLE_937,2019,POP_263,GROUP_46
BAM_938,SAMPLE_938,2019,POP_263,GROUP_46
BAM_939,SAMPLE_939,2019,POP_264,GROUP_46
BAM_940,SAMPLE_940,2019,POP_264,GROUP_46
BAM_941,SAMPLE_941,2019,POP_264,GROUP_46
BAM_942,SAMPLE_942,2019,POP_264,GROUP_46
BAM_943,SAMPLE_943,2019,POP_264,GROUP_46
BAM_944,SAMPLE_944,2019,POP_264,GROUP_46
BAM_945,SAMPLE_945,2019,POP_264,GROUP_46
BAM_946,SAMPLE_946,2019,POP_264,GROUP_46
BAM_947,SAMPLE_947,2015,POP_265,GROUP_46
BAM_948,SAMPLE_948,2015,POP_265,GROUP_46
BAM_949,SAMPLE_949,2015,POP_265,GROUP_46
BAM_950,SAMPLE_950,2015,POP_265,GROUP_46
BAM_951,SAMPLE_951,2015,POP_265,GROUP_46
BAM_952,SAMPLE_952,2015,POP_265,GROUP_46
BAM_953,SAMPLE_953,2015,POP_265,GROUP_46
BAM_954,SAMPLE_954,2015,POP_265,GROUP_46
BAM_955,SAMPLE_955,2023,POP_266,GROUP_46
BAM_956,SAMPLE_956,2023,POP_266,GROUP_46
BAM_957,SAMPLE_957,2023,POP_266,GROUP_46
BAM_958,SAMPLE_958,2023,POP_266,GROUP_46
BAM_959,SAMPLE_959,2023,POP_266,GROUP_46
BAM_960,SAMPLE_960,2023,POP_266,GROUP_46
BAM_961,SAMPLE_961,2023,POP_266,GROUP_46
BAM_962,SAMPLE_962,2023,POP_266,GROUP_46
